timestamp,ip_address,username,endpoint,duration,status,bytes_sent,method
18:48:52,10.0.0.153,guest,/login,0.55,200,2625,POST
19:48:52,10.0.0.154,guest,/login,0.55,200,2625,POST
20:48:52,10.0.0.155,guest,/login,0.55,200,,POST
21:48:52,10.0.0.156,guest,/login,0.55,200,2625,POST
22:48:52,10.0.0.157,guest,/login,0.55,200,2625,POST
13:40:22,172.16.0.194,unknown,/login,0.21,200,3085,POST
9:35:59,172.16.0.163,admin,/dashboard,1.41,200,1132,POST
8:45:30,10.0.0.156,admin,/profile,1.55,200,740,POST
17:18:44,10.0.0.83,user,/dashboard,0.61,200,4298,GET
15:46:25,172.16.0.57,guest,/login,0.25,200,1673,POST
16:22:57,10.0.0.53,unknown,/profile,0.88,200,1993,POST
9:39:01,192.168.1.177,guest,/login,1.56,200,2807,GET
10:36:54,172.16.0.180,user,/api/data,1.69,200,2052,POST
17:49:33,192.168.1.126,admin,/api/data,0.64,200,2269,GET
17:35:49,172.16.0.163,guest,/api/data,1.56,200,3299,GET
10:57:43,192.168.1.208,user,/profile,0.33,200,523,POST
15:59:23,10.0.0.111,user,/profile,1.53,200,1775,POST
17:32:55,10.0.0.161,admin,/login,1.96,200,3109,POST
8:38:26,172.16.0.106,guest,/api/data,0.47,200,3004,GET
19:36:25,91.92.18.123,root,/logout,6.44,401,90,DELETE
17:41:45,10.0.0.104,guest,/profile,1.27,200,976,GET
8:47:09,172.16.0.181,unknown,/dashboard,1.99,200,4241,GET
13:24:26,192.168.1.2,admin,/api/data,0.41,200,3599,GET
8:05:14,192.168.1.29,user,/login,0.54,200,2056,POST
2:00:30,91.92.18.244,guest,/config,6.75,401,16901,DELETE
13:39:50,172.16.0.152,user,/api/data,0.47,200,3804,POST
8:45:58,172.16.0.183,user,/dashboard,1.05,200,1587,POST
16:23:50,172.16.0.213,admin,/profile,1.55,200,1098,GET
11:19:01,172.16.0.61,admin,/dashboard,0.37,200,1743,GET
14:41:29,172.16.0.74,unknown,/dashboard,0.55,200,3889,POST
16:45:49,10.0.0.54,user,/profile,0.52,200,1886,POST
10:46:31,192.168.1.94,admin,/profile,0.82,200,3806,GET
17:47:17,172.16.0.139,user,/login,1.31,200,3791,GET
13:21:12,10.0.0.161,admin,/api/data,0.81,200,2813,GET
11:55:32,172.16.0.198,guest,/api/data,1.11,200,4717,POST
8:43:34,10.0.0.230,guest,/dashboard,0.88,200,4635,GET
17:26:33,192.168.1.195,unknown,/dashboard,0.46,200,1446,POST
15:09:37,192.168.1.205,user,/dashboard,0.59,200,2255,POST
10:02:54,10.0.0.217,guest,/login,0.21,200,2891,GET
15:25:03,10.0.0.224,guest,/profile,0.21,200,3653,GET
16:17:35,192.168.1.233,user,/api/data,0.89,200,1337,GET
8:02:13,10.0.0.62,user,/api/data,0.5,200,3038,POST
9:12:52,192.168.1.139,guest,/login,0.73,200,1532,GET
13:23:28,192.168.1.250,unknown,/api/data,0.9,200,3539,POST
2:17:32,91.92.18.231,root,/settings,7.47,403,0,DELETE
10:25:08,172.16.0.136,unknown,/dashboard,0.77,200,2486,POST
10:07:09,192.168.1.56,unknown,/dashboard,1.58,200,1910,POST
11:19:14,10.0.0.17,admin,/dashboard,0.86,200,2113,POST
9:34:39,192.168.1.156,guest,/profile,1.23,200,2798,GET
13:24:32,10.0.0.79,user,/dashboard,0.98,200,2176,GET
4:28:22,203.0.113.171,root,/admin,5.74,400,19264,DELETE
17:12:56,172.16.0.120,admin,/login,1.98,200,528,GET
12:11:16,172.16.0.154,unknown,/login,1.97,200,2772,POST
16:07:52,192.168.1.43,admin,/api/data,0.89,200,2873,POST
8:05:33,192.168.1.1,unknown,/api/data,1.09,200,4398,POST
10:09:32,10.0.0.56,admin,/profile,1.2,200,1611,GET
17:40:16,172.16.0.37,user,/profile,1.69,200,2727,GET
9:11:09,192.168.1.174,user,/dashboard,1.09,200,1416,POST
2:50:10,203.0.113.181,root,/settings,5.82,500,82,PUT
14:37:22,192.168.1.205,guest,/dashboard,1.69,200,1355,GET
13:33:56,10.0.0.216,user,/api/data,0.91,200,4450,GET
10:02:17,172.16.0.141,guest,/profile,1.03,200,4809,GET
13:36:58,192.168.1.24,unknown,/profile,0.58,200,4559,GET
17:28:27,172.16.0.51,admin,/dashboard,0.59,200,3140,POST
11:43:18,10.0.0.89,unknown,/login,1.48,200,707,GET
11:10:17,192.168.1.144,admin,/login,1.56,200,2636,GET
16:06:47,192.168.1.54,user,/profile,0.23,200,4839,POST
16:47:11,192.168.1.245,guest,/api/data,1.33,200,2536,GET
7:32:23,203.0.113.236,root,/settings,6.33,403,59,GET
9:20:37,172.16.0.27,guest,/profile,1.23,200,4002,GET
11:12:22,172.16.0.43,user,/api/data,1.97,200,1917,POST
16:29:12,192.168.1.10,user,/profile,1.38,200,1090,POST
15:26:15,192.168.1.161,admin,/login,0.37,200,4729,POST
15:22:29,192.168.1.34,admin,/api/data,1.62,200,1977,POST
17:57:52,192.168.1.200,admin,/dashboard,1.65,200,3400,POST
16:13:52,192.168.1.94,user,/dashboard,1.61,200,580,POST
12:37:14,172.16.0.204,guest,/api/data,1.76,200,3048,POST
13:31:09,172.16.0.240,admin,/login,0.45,200,2818,POST
16:02:20,192.168.1.194,unknown,/login,0.88,200,2204,POST
12:48:10,10.0.0.119,user,/login,1.52,200,4721,GET
15:12:22,172.16.0.88,guest,/login,1.53,200,2366,POST
10:09:17,192.168.1.145,user,/profile,1.43,200,1551,GET
14:50:51,192.168.1.84,admin,/login,1.67,200,3802,POST
16:03:22,192.168.1.200,guest,/api/data,1.87,200,3293,POST
17:24:42,172.16.0.89,guest,/profile,0.57,200,2284,GET
12:11:42,10.0.0.55,guest,/api/data,1.23,200,1310,POST
15:34:29,172.16.0.176,user,/login,1.47,200,1484,POST
22:25:50,91.92.18.225,unknown,/config,2.28,404,81,DELETE
5:41:13,203.0.113.206,guest,/admin,7.34,401,52,POST
11:23:43,192.168.1.5,unknown,/api/data,0.61,200,4254,POST
7:38:18,203.0.113.94,root,/config,0.33,403,17145,DELETE
14:13:48,172.16.0.96,admin,/dashboard,1.56,200,2998,POST
17:21:08,10.0.0.223,guest,/profile,0.77,200,2577,GET
8:59:04,192.168.1.6,unknown,/profile,1.45,200,2596,POST
13:51:55,172.16.0.204,admin,/api/data,0.3,200,1362,POST
14:08:15,172.16.0.147,unknown,/login,1.2,200,2618,GET
8:41:00,192.168.1.140,unknown,/dashboard,0.55,200,2735,GET
7:08:51,203.0.113.24,unknown,/admin,5.75,403,10569,GET
10:30:39,10.0.0.199,guest,/login,1.56,200,3003,GET
14:56:38,10.0.0.235,unknown,/profile,1.44,200,4025,POST
11:14:09,172.16.0.70,user,/login,1.4,200,1427,GET
14:54:34,192.168.1.176,guest,/profile,0.66,200,1691,GET
13:01:09,192.168.1.53,unknown,/api/data,0.76,200,1659,POST
12:17:28,192.168.1.159,admin,/dashboard,1.72,200,2615,POST
14:28:32,172.16.0.219,admin,/login,0.67,200,2327,POST
4:47:52,203.0.113.190,unknown,/settings,1.88,500,49,GET
8:17:48,172.16.0.138,admin,/dashboard,1.26,200,855,POST
10:00:11,172.16.0.115,guest,/profile,1.34,200,2346,POST
18:53:03,91.92.18.70,unknown,/config,1.19,404,17028,POST
9:04:17,172.16.0.55,guest,/dashboard,0.62,200,4025,POST
10:22:13,192.168.1.150,guest,/profile,0.79,200,4641,GET
10:00:30,172.16.0.100,unknown,/api/data,1.69,200,3794,GET
22:03:43,203.0.113.243,root,/logout,2.18,400,34,PUT
14:24:25,10.0.0.10,guest,/api/data,1.24,200,4658,POST
17:24:41,172.16.0.56,admin,/login,1.5,200,3731,POST
17:19:39,172.16.0.59,admin,/dashboard,0.88,200,4296,POST
17:20:23,192.168.1.250,unknown,/api/data,1.57,200,2852,POST
16:07:21,192.168.1.83,guest,/login,0.81,200,1788,GET
9:58:56,172.16.0.183,guest,/profile,0.85,200,1405,GET
15:14:36,192.168.1.251,admin,/profile,0.58,200,3584,POST
14:22:28,192.168.1.70,admin,/api/data,0.75,200,742,POST
10:32:48,192.168.1.210,user,/dashboard,0.87,200,3560,GET
10:01:47,172.16.0.191,admin,/profile,1.98,200,920,POST
11:59:36,172.16.0.8,unknown,/dashboard,0.27,200,4659,POST
17:18:50,10.0.0.240,guest,/dashboard,0.69,200,2666,POST
9:22:56,172.16.0.186,guest,/login,1.77,200,3401,POST
13:39:58,192.168.1.226,guest,/profile,0.77,200,4350,POST
12:41:06,192.168.1.76,guest,/api/data,0.39,200,1224,POST
9:23:19,10.0.0.168,guest,/login,1.32,200,3114,POST
17:17:58,192.168.1.135,admin,/api/data,1.11,200,4390,GET
17:52:55,192.168.1.50,user,/login,0.79,200,3219,GET
10:47:59,10.0.0.132,unknown,/dashboard,1.53,200,1656,GET
9:51:30,172.16.0.88,guest,/dashboard,1.8,200,738,GET
9:52:28,192.168.1.128,guest,/api/data,1.73,200,3380,GET
9:12:27,192.168.1.32,admin,/profile,0.93,200,4472,POST
9:36:12,10.0.0.100,user,/profile,1.22,200,4185,GET
17:25:29,172.16.0.213,unknown,/dashboard,1.65,200,3577,GET
12:47:34,192.168.1.34,unknown,/api/data,1.68,200,4444,GET
17:24:43,192.168.1.199,unknown,/api/data,1.62,200,4454,POST
11:26:47,10.0.0.114,unknown,/login,0.65,200,964,GET
11:02:56,10.0.0.52,unknown,/profile,0.44,200,4520,POST
9:44:39,172.16.0.97,unknown,/login,0.34,200,3577,GET
10:06:57,10.0.0.252,unknown,/dashboard,0.22,200,682,POST
15:43:24,10.0.0.69,user,/dashboard,1.31,200,2388,POST
17:17:01,10.0.0.50,unknown,/dashboard,1.1,200,4953,GET
9:18:22,10.0.0.142,unknown,/dashboard,1.42,200,1919,GET
14:24:31,172.16.0.97,guest,/profile,0.88,200,3276,POST
11:37:53,192.168.1.45,admin,/dashboard,0.28,200,3255,GET
15:22:06,172.16.0.16,guest,/dashboard,1.36,200,1105,POST
13:53:44,10.0.0.235,guest,/profile,1.35,200,4219,GET
7:00:20,203.0.113.87,unknown,/admin,3.78,401,94,POST
11:50:27,192.168.1.97,guest,/profile,1.66,200,866,POST
11:40:16,10.0.0.15,guest,/login,1.35,200,4427,GET
8:21:01,192.168.1.19,user,/dashboard,1.74,200,3422,POST
17:15:33,192.168.1.158,unknown,/login,0.76,200,2234,POST
9:49:10,172.16.0.16,admin,/profile,0.3,200,980,GET
13:03:24,172.16.0.115,guest,/profile,0.25,200,2244,POST
13:49:38,172.16.0.31,unknown,/login,0.53,200,3183,GET
14:37:45,10.0.0.162,unknown,/dashboard,0.93,200,928,GET
16:41:16,172.16.0.165,guest,/dashboard,0.25,200,3474,GET
15:06:09,192.168.1.107,user,/dashboard,1.07,200,2449,POST
5:22:39,91.92.18.42,unknown,/settings,2.77,400,10411,POST
8:03:24,192.168.1.22,guest,/api/data,1.96,200,1966,GET
8:28:43,192.168.1.185,unknown,/login,0.59,200,4414,POST
14:34:05,10.0.0.163,admin,/dashboard,0.7,200,3014,POST
12:55:21,172.16.0.78,guest,/login,1.99,200,2553,POST
10:47:45,10.0.0.71,user,/dashboard,0.54,200,2312,POST
17:48:25,172.16.0.95,guest,/dashboard,1.19,200,2762,GET
22:49:58,91.92.18.52,unknown,/settings,3.68,400,97,DELETE
15:30:08,172.16.0.77,unknown,/dashboard,1.77,200,614,POST
14:31:41,172.16.0.251,admin,/login,1.74,200,4326,POST
11:07:17,172.16.0.209,guest,/login,0.54,200,4742,GET
7:11:20,203.0.113.201,guest,/admin,6.33,500,14852,DELETE
14:31:11,10.0.0.124,admin,/profile,0.47,200,2195,POST
10:35:29,172.16.0.73,guest,/api/data,1.35,200,4971,POST
8:19:02,172.16.0.92,user,/login,0.82,200,689,POST
6:44:02,91.92.18.167,root,/settings,7.28,500,27,GET
12:14:31,10.0.0.246,guest,/login,0.7,200,4096,POST
9:17:59,172.16.0.98,guest,/login,0.97,200,2725,POST
15:48:04,172.16.0.10,admin,/login,1.18,200,3168,POST
14:54:27,172.16.0.154,unknown,/profile,1.11,200,2611,GET
10:08:46,172.16.0.102,admin,/dashboard,0.9,200,3163,GET
13:19:35,172.16.0.140,guest,/login,1.71,200,2508,GET
12:07:25,10.0.0.167,admin,/api/data,1.91,200,2263,GET
14:59:01,10.0.0.146,admin,/dashboard,0.87,200,1903,POST
8:29:12,172.16.0.163,guest,/dashboard,0.76,200,2876,POST
11:34:16,10.0.0.225,unknown,/login,0.81,200,2331,GET
12:40:23,192.168.1.83,admin,/dashboard,1.54,200,1292,POST
16:14:58,192.168.1.112,user,/api/data,0.58,200,3371,POST
17:00:12,10.0.0.111,user,/dashboard,0.51,200,580,POST
8:19:54,192.168.1.254,admin,/login,1.79,200,600,GET
13:14:04,172.16.0.179,guest,/login,0.45,200,3041,POST
20:32:09,203.0.113.101,root,/settings,6.12,400,11767,DELETE
10:59:37,192.168.1.47,guest,/login,0.42,200,1959,GET
8:44:14,10.0.0.55,user,/profile,0.88,200,1953,POST
16:59:31,10.0.0.21,guest,/api/data,1.28,200,1770,POST
13:38:42,10.0.0.51,admin,/login,0.5,200,4727,GET
23:44:33,203.0.113.100,unknown,/settings,2.66,404,16278,PUT
17:26:28,172.16.0.109,unknown,/login,1.81,200,4956,POST
8:14:16,172.16.0.62,user,/dashboard,1.84,200,2350,POST
17:50:04,192.168.1.21,unknown,/api/data,1.89,200,3545,GET
11:53:25,10.0.0.164,unknown,/dashboard,0.93,200,1428,POST
12:26:53,172.16.0.25,admin,/profile,1.61,200,3621,POST
9:12:04,172.16.0.144,admin,/api/data,1.42,200,1412,POST
9:21:42,10.0.0.182,admin,/dashboard,0.62,200,4740,GET
8:19:34,172.16.0.78,user,/dashboard,0.24,200,3091,GET
17:46:11,172.16.0.152,unknown,/dashboard,1.75,200,531,GET
15:16:46,192.168.1.113,admin,/profile,0.72,200,2719,GET
15:21:22,192.168.1.221,unknown,/dashboard,0.23,200,892,POST
10:46:33,192.168.1.169,admin,/api/data,1.09,200,1502,POST
14:31:06,10.0.0.105,unknown,/login,0.72,200,4709,GET
8:17:58,172.16.0.235,admin,/api/data,1.27,200,4448,GET
8:27:00,10.0.0.127,unknown,/login,0.9,200,4451,POST
11:25:50,10.0.0.139,admin,/dashboard,0.23,200,4767,GET
13:27:23,172.16.0.119,guest,/profile,1.04,200,3343,POST
14:17:14,192.168.1.90,user,/api/data,1.75,200,1634,POST
14:05:12,10.0.0.36,admin,/api/data,0.7,200,3563,POST
12:14:43,172.16.0.192,admin,/profile,1.97,200,2580,POST
13:03:51,10.0.0.224,user,/api/data,1.13,200,2747,GET
22:17:50,91.92.18.14,root,/settings,4.15,400,12802,DELETE
12:15:52,192.168.1.234,guest,/profile,0.76,200,1647,GET
13:06:24,172.16.0.182,unknown,/profile,0.61,200,3456,POST
16:59:46,10.0.0.106,guest,/dashboard,1.54,200,4024,POST
17:48:12,172.16.0.132,unknown,/api/data,0.93,200,4018,GET
9:53:56,10.0.0.148,guest,/profile,1.65,200,3427,POST
15:45:31,192.168.1.90,user,/api/data,0.31,200,4777,POST
9:22:44,192.168.1.111,admin,/dashboard,1.84,200,4582,POST
12:02:42,10.0.0.158,user,/api/data,1.04,200,1549,GET
8:05:28,192.168.1.24,unknown,/dashboard,0.81,200,709,POST
8:55:28,192.168.1.122,guest,/login,1.92,200,4489,GET
17:02:38,172.16.0.130,admin,/profile,1.31,200,4916,GET
5:28:53,203.0.113.135,test,/settings,0.89,400,19393,PUT
10:41:12,192.168.1.169,admin,/profile,1.68,200,3343,GET
16:59:51,10.0.0.83,unknown,/login,0.88,200,1088,POST
14:51:37,172.16.0.83,admin,/login,1.74,200,4807,GET
14:25:02,172.16.0.234,guest,/dashboard,1.15,200,2631,POST
9:44:25,172.16.0.95,unknown,/dashboard,1.96,200,3430,POST
10:23:50,192.168.1.76,user,/login,0.52,200,994,GET
7:01:38,203.0.113.116,unknown,/settings,1.07,401,41,PUT
9:53:42,192.168.1.210,guest,/login,0.48,200,4024,GET
8:16:59,10.0.0.188,unknown,/dashboard,1.4,200,2629,GET
10:59:47,10.0.0.153,admin,/dashboard,1.95,200,3053,POST
5:44:41,203.0.113.223,unknown,/settings,2.39,404,47,DELETE
11:54:57,10.0.0.49,unknown,/dashboard,1.89,200,3176,POST
15:00:37,10.0.0.200,unknown,/dashboard,1.03,200,1127,POST
8:39:16,172.16.0.4,admin,/api/data,1.29,200,4340,GET
12:06:09,192.168.1.172,guest,/api/data,2,200,4908,GET
15:52:22,192.168.1.80,guest,/login,1.7,200,1962,POST
16:42:57,10.0.0.166,user,/profile,1.83,200,4225,POST
11:01:45,10.0.0.130,guest,/dashboard,1.48,200,1053,POST
11:25:17,172.16.0.232,guest,/dashboard,1.53,200,4086,POST
16:15:22,10.0.0.143,admin,/dashboard,1.09,200,1015,POST
14:20:28,192.168.1.73,unknown,/api/data,1.52,200,1334,POST
17:52:11,192.168.1.117,user,/profile,1.36,200,3503,GET
8:34:35,10.0.0.197,user,/dashboard,1.29,200,3884,GET
10:22:13,192.168.1.87,admin,/login,1.31,200,4972,POST
17:09:48,192.168.1.212,guest,/profile,1.73,200,2936,POST
7:27:24,91.92.18.205,root,/admin,4.76,500,19705,DELETE
8:34:28,10.0.0.145,user,/login,0.26,200,3854,POST
14:20:49,192.168.1.186,guest,/api/data,1.08,200,3931,POST
8:20:13,172.16.0.74,guest,/dashboard,1.71,200,3474,POST
14:09:54,192.168.1.251,unknown,/api/data,1.74,200,2500,POST
14:08:28,192.168.1.155,user,/api/data,0.34,200,4841,GET
14:09:58,172.16.0.62,unknown,/api/data,1.24,200,2300,GET
13:49:48,192.168.1.237,guest,/profile,0.45,200,4913,GET
14:33:11,172.16.0.244,admin,/api/data,0.91,200,4301,POST
13:31:01,192.168.1.118,unknown,/login,1.9,200,1423,GET
14:56:49,192.168.1.17,unknown,/dashboard,0.53,200,4386,POST
8:51:37,172.16.0.22,guest,/dashboard,1.76,200,4463,GET
13:18:15,172.16.0.157,guest,/dashboard,0.62,200,1317,POST
17:27:00,192.168.1.236,admin,/login,0.74,200,3042,GET
12:12:13,172.16.0.12,unknown,/profile,0.6,200,3404,GET
14:31:29,10.0.0.60,unknown,/profile,1.61,200,1899,POST
14:47:51,172.16.0.237,user,/dashboard,1.25,200,542,POST
8:12:24,10.0.0.151,guest,/profile,1.68,200,3039,POST
17:58:20,172.16.0.160,unknown,/login,1.4,200,1366,GET
13:56:14,192.168.1.92,admin,/dashboard,0.69,200,1588,POST
8:15:08,172.16.0.87,user,/login,0.66,200,1531,POST
17:40:27,172.16.0.45,unknown,/login,1.41,200,1843,POST
14:35:33,10.0.0.219,guest,/profile,0.83,200,2773,GET
15:45:08,192.168.1.145,unknown,/api/data,0.74,200,3298,GET
15:48:59,192.168.1.29,user,/api/data,1.36,200,4482,GET
16:49:26,192.168.1.53,user,/profile,1.95,200,3423,POST
11:47:24,172.16.0.119,admin,/api/data,1.57,200,3579,POST
20:48:50,91.92.18.4,root,/settings,2.59,403,69,PUT
23:30:05,203.0.113.192,unknown,/settings,1.45,401,10728,GET
14:53:50,172.16.0.248,admin,/api/data,1.53,200,1620,POST
15:52:39,10.0.0.196,unknown,/api/data,1.61,200,2226,POST
8:52:22,10.0.0.72,admin,/api/data,0.51,200,3620,GET
9:16:31,172.16.0.209,user,/profile,1.77,200,2796,GET
15:34:41,192.168.1.213,admin,/profile,0.77,200,1941,GET
11:07:46,10.0.0.85,user,/profile,1.56,200,1758,POST
15:03:34,192.168.1.115,user,/api/data,1.78,200,4799,POST
19:59:48,91.92.18.49,root,/admin,0.86,404,25,DELETE
19:59:36,91.92.18.196,root,/config,2.73,403,17867,PUT
16:04:25,192.168.1.247,admin,/login,1.66,200,3488,POST
16:39:04,172.16.0.42,user,/login,1.91,200,1035,POST
10:33:33,192.168.1.219,user,/dashboard,1.77,200,1809,POST
16:05:53,10.0.0.160,unknown,/login,1.53,200,4340,POST
17:18:15,172.16.0.38,user,/profile,0.52,200,3047,POST
8:28:25,172.16.0.227,user,/profile,1.12,200,4774,GET
14:54:50,192.168.1.221,guest,/login,1.52,200,852,GET
12:40:24,172.16.0.66,unknown,/login,0.43,200,4112,POST
7:00:48,91.92.18.49,root,/config,5.34,404,95,POST
1:42:30,91.92.18.67,guest,/config,6.82,404,11066,POST
11:26:39,172.16.0.116,guest,/profile,0.37,200,1967,POST
16:54:13,192.168.1.55,guest,/api/data,1.9,200,4819,POST
9:44:56,172.16.0.244,unknown,/profile,0.7,200,2719,GET
15:48:30,172.16.0.205,user,/profile,1.6,200,4709,POST
23:18:32,203.0.113.208,test,/settings,3.86,401,26,DELETE
18:37:58,91.92.18.198,unknown,/admin,3.29,403,18,DELETE
9:37:44,192.168.1.11,unknown,/profile,0.5,200,2497,POST
8:06:50,172.16.0.252,admin,/dashboard,1.03,200,3963,POST
9:13:02,172.16.0.121,guest,/dashboard,0.8,200,3732,GET
22:51:12,91.92.18.35,guest,/logout,3.42,404,19262,DELETE
12:21:05,172.16.0.32,admin,/api/data,0.78,200,4950,POST
17:00:26,10.0.0.137,user,/login,1.59,200,1688,POST
10:05:57,10.0.0.17,user,/profile,0.37,200,3583,GET
14:58:42,192.168.1.219,unknown,/login,0.99,200,2699,POST
16:41:47,172.16.0.209,unknown,/login,1.78,200,1522,POST
21:00:34,203.0.113.126,guest,/admin,0.85,500,19482,GET
9:03:06,172.16.0.245,admin,/dashboard,1.56,200,3109,GET
9:47:10,172.16.0.178,unknown,/login,1.24,200,4711,POST
11:12:13,192.168.1.102,guest,/profile,1.93,200,4777,GET
16:11:27,172.16.0.13,guest,/dashboard,0.25,200,1680,POST
9:09:52,10.0.0.73,admin,/dashboard,0.82,200,569,GET
9:02:26,10.0.0.221,unknown,/api/data,0.99,200,4289,POST
17:22:22,10.0.0.33,guest,/dashboard,1.12,200,3425,GET
8:11:31,10.0.0.10,unknown,/profile,1.46,200,705,POST
17:47:51,10.0.0.247,user,/api/data,0.92,200,1734,GET
16:58:26,172.16.0.196,user,/login,1.15,200,4153,GET
17:43:53,192.168.1.2,guest,/dashboard,0.32,200,2337,GET
8:26:34,10.0.0.109,unknown,/api/data,1.47,200,3218,POST
8:16:36,10.0.0.209,guest,/api/data,0.54,200,1156,POST
17:47:01,172.16.0.94,admin,/dashboard,0.22,200,4929,POST
9:45:54,192.168.1.199,unknown,/dashboard,1.16,200,1935,GET
11:22:05,10.0.0.93,admin,/dashboard,1.83,200,1244,GET
7:03:16,203.0.113.251,test,/config,6.41,400,33,POST
16:18:09,192.168.1.226,guest,/dashboard,1.22,200,1864,GET
11:03:45,10.0.0.75,user,/dashboard,1.25,200,1048,GET
12:58:50,172.16.0.204,unknown,/dashboard,1.17,200,3311,GET
9:51:14,192.168.1.71,user,/dashboard,0.88,200,4135,GET
14:14:20,10.0.0.178,unknown,/dashboard,0.47,200,2739,POST
15:13:23,192.168.1.32,admin,/dashboard,1.56,200,3448,GET
16:16:45,172.16.0.7,guest,/profile,0.78,200,4909,POST
17:14:05,172.16.0.62,unknown,/login,1.53,200,2361,POST
2:32:03,203.0.113.31,guest,/logout,5.03,500,19,GET
14:03:19,172.16.0.69,user,/api/data,1.45,200,762,GET
14:05:34,172.16.0.17,guest,/login,1.8,200,3532,POST
9:54:11,172.16.0.176,user,/api/data,1.28,200,3984,POST
13:19:05,192.168.1.227,guest,/api/data,0.55,200,2712,POST
14:35:28,10.0.0.244,unknown,/dashboard,2,200,749,POST
6:13:29,203.0.113.247,test,/logout,3.2,400,13393,POST
17:46:36,192.168.1.191,user,/api/data,0.63,200,3366,GET
14:41:31,10.0.0.159,unknown,/login,1.71,200,3686,GET
11:57:48,10.0.0.69,unknown,/login,1.16,200,620,POST
11:48:26,172.16.0.31,guest,/profile,0.89,200,764,GET
13:25:59,172.16.0.88,unknown,/api/data,0.67,200,3942,GET
15:01:28,10.0.0.120,guest,/api/data,1.72,200,3826,GET
11:27:53,192.168.1.126,admin,/login,1.62,200,1337,POST
17:33:38,192.168.1.25,admin,/dashboard,0.4,200,4757,POST
14:23:35,10.0.0.31,admin,/login,0.7,200,3420,GET
12:32:27,10.0.0.23,guest,/api/data,0.53,200,1152,POST
14:37:49,192.168.1.192,guest,/dashboard,0.87,200,4256,POST
21:50:04,91.92.18.31,test,/logout,4.75,403,11150,GET
12:02:54,192.168.1.137,admin,/profile,0.43,200,4232,GET
14:52:10,172.16.0.8,admin,/dashboard,1.9,200,2566,GET
23:26:08,203.0.113.37,guest,/settings,7.7,401,95,DELETE
15:13:54,172.16.0.83,user,/api/data,0.81,200,4059,POST
16:13:36,192.168.1.226,user,/profile,0.39,200,1983,GET
13:54:58,10.0.0.203,admin,/login,1.6,200,2479,POST
21:36:03,203.0.113.208,unknown,/logout,1.86,400,86,POST
16:33:34,10.0.0.15,user,/profile,0.91,200,1301,POST
14:14:14,172.16.0.118,guest,/dashboard,0.92,200,2330,POST
14:52:15,172.16.0.138,user,/profile,1.76,200,2389,GET
3:58:21,203.0.113.49,root,/config,1.99,401,100,PUT
15:28:09,172.16.0.28,unknown,/profile,0.63,200,3685,GET
6:08:33,203.0.113.4,test,/settings,4.07,403,83,PUT
15:40:04,10.0.0.201,admin,/login,0.86,200,933,GET
15:54:18,172.16.0.50,guest,/login,0.77,200,1814,GET
9:36:54,10.0.0.235,guest,/profile,0.87,200,4389,POST
17:04:45,172.16.0.227,guest,/login,0.47,200,2988,GET
14:56:12,172.16.0.6,user,/api/data,0.42,200,966,POST
17:46:07,172.16.0.89,admin,/api/data,0.81,200,1957,POST
14:12:35,10.0.0.91,admin,/profile,1.52,200,932,GET
8:48:49,10.0.0.236,user,/login,1.14,200,3814,GET
16:06:18,10.0.0.119,user,/api/data,0.64,200,1775,POST
16:48:36,172.16.0.12,guest,/login,1.66,200,2551,POST
9:27:12,172.16.0.64,guest,/api/data,0.71,200,3100,GET
9:47:22,192.168.1.192,guest,/profile,0.98,200,3277,POST
15:38:15,192.168.1.114,user,/dashboard,1.46,200,1511,POST
13:55:32,192.168.1.189,admin,/login,0.26,200,871,GET
8:27:50,10.0.0.133,user,/profile,1.18,200,4480,POST
10:40:18,172.16.0.170,unknown,/dashboard,0.33,200,4458,GET
14:03:11,172.16.0.32,user,/api/data,0.51,200,2760,GET
8:42:33,192.168.1.194,admin,/profile,0.57,200,1383,POST
17:54:35,192.168.1.45,admin,/api/data,1.25,200,4597,GET
14:10:15,192.168.1.71,user,/profile,1.27,200,4131,GET
15:22:00,10.0.0.131,unknown,/api/data,0.23,200,2784,GET
9:40:58,172.16.0.240,unknown,/api/data,0.63,200,2226,POST
13:30:38,10.0.0.108,admin,/api/data,1.94,200,2072,POST
12:29:24,192.168.1.251,guest,/profile,0.81,200,3191,POST
9:57:57,192.168.1.3,user,/dashboard,0.55,200,4080,GET
16:47:55,10.0.0.5,unknown,/profile,1.84,200,2057,POST
17:28:52,172.16.0.252,guest,/api/data,1.17,200,3146,GET
17:34:51,10.0.0.76,unknown,/profile,1.83,200,1436,POST
10:35:19,10.0.0.59,admin,/api/data,0.7,200,3036,GET
10:06:15,192.168.1.145,user,/api/data,1.53,200,4511,GET
12:45:19,192.168.1.186,user,/dashboard,1.15,200,3408,POST
10:52:20,172.16.0.82,user,/api/data,0.37,200,2699,GET
8:02:29,192.168.1.192,user,/profile,0.68,200,924,GET
9:16:37,172.16.0.36,unknown,/dashboard,0.96,200,3617,GET
16:47:20,172.16.0.39,admin,/dashboard,0.66,200,2989,POST
9:59:28,172.16.0.104,guest,/api/data,1.12,200,3007,POST
20:08:39,203.0.113.31,unknown,/admin,6.61,400,13441,POST
12:14:41,10.0.0.36,unknown,/api/data,1.34,200,604,POST
2:04:00,91.92.18.136,unknown,/settings,7.75,500,70,DELETE
9:21:43,10.0.0.52,guest,/api/data,1.15,200,3399,POST
8:56:02,172.16.0.82,guest,/login,1.68,200,1261,POST
12:45:23,172.16.0.145,admin,/dashboard,0.3,200,4401,POST
15:54:46,10.0.0.238,user,/api/data,0.92,200,3027,POST
7:18:40,203.0.113.201,guest,/logout,6.76,500,12158,POST
8:35:57,192.168.1.154,user,/api/data,1.04,200,1645,GET
12:44:20,10.0.0.222,guest,/dashboard,1.4,200,2114,GET
13:29:26,172.16.0.214,admin,/api/data,0.78,200,4546,POST
12:06:07,172.16.0.206,admin,/profile,0.37,200,2873,GET
10:25:09,172.16.0.127,admin,/login,1.31,200,1352,POST
15:36:54,10.0.0.2,user,/profile,0.54,200,1561,POST
22:24:24,91.92.18.188,guest,/settings,0.82,400,17838,POST
12:48:43,172.16.0.189,unknown,/login,0.38,200,4968,GET
21:39:29,203.0.113.227,unknown,/config,6.66,400,11938,PUT
11:51:04,172.16.0.2,admin,/api/data,1.56,200,3319,POST
14:48:35,172.16.0.56,guest,/api/data,1.09,200,2900,GET
13:19:41,172.16.0.39,unknown,/dashboard,0.88,200,1570,GET
11:48:55,192.168.1.148,user,/login,1.58,200,974,GET
17:51:20,192.168.1.60,guest,/dashboard,0.31,200,4439,POST
19:39:05,203.0.113.183,root,/settings,4.34,403,11796,POST
1:47:05,203.0.113.100,test,/settings,7.18,401,10368,DELETE
17:42:38,172.16.0.128,guest,/login,1.21,200,1581,GET
17:11:40,172.16.0.135,admin,/dashboard,1.92,200,773,POST
14:05:11,192.168.1.6,admin,/login,1.44,200,1023,GET
8:52:51,10.0.0.13,unknown,/dashboard,0.79,200,3609,GET
11:16:36,172.16.0.30,guest,/login,0.59,200,1428,POST
9:43:09,192.168.1.244,unknown,/dashboard,1.51,200,2288,GET
9:40:04,172.16.0.34,unknown,/profile,0.25,200,3642,POST
8:38:08,192.168.1.43,guest,/api/data,1.85,200,2796,POST
16:03:52,172.16.0.104,guest,/dashboard,1.64,200,1017,POST
15:24:34,192.168.1.229,unknown,/dashboard,0.73,200,3705,POST
15:06:09,192.168.1.225,unknown,/api/data,1.83,200,4688,GET
14:04:21,10.0.0.2,guest,/profile,0.33,200,933,GET
15:01:45,10.0.0.176,user,/login,0.5,200,2799,POST
10:25:56,192.168.1.233,unknown,/login,1.88,200,3239,GET
12:00:43,172.16.0.33,admin,/login,1.86,200,1219,POST
12:46:04,192.168.1.137,unknown,/api/data,1.93,200,4261,GET
12:26:37,192.168.1.136,admin,/dashboard,1.88,200,2799,POST
15:05:39,10.0.0.71,user,/profile,1.63,200,1829,POST
16:38:17,192.168.1.179,guest,/api/data,1.24,200,1271,POST
9:19:15,172.16.0.155,user,/dashboard,0.37,200,4093,GET
16:58:19,172.16.0.243,guest,/api/data,1.41,200,2745,GET
12:24:54,10.0.0.57,guest,/login,0.21,200,3454,POST
8:17:01,10.0.0.156,unknown,/profile,1.65,200,4592,POST
13:33:36,192.168.1.243,admin,/profile,0.84,200,1211,GET
8:31:16,192.168.1.120,user,/dashboard,1.54,200,3711,GET
8:09:44,10.0.0.42,user,/login,1.65,200,956,POST
8:40:47,10.0.0.112,admin,/profile,0.71,200,4637,GET
2:37:44,91.92.18.65,test,/admin,2.4,401,18261,GET
10:24:45,10.0.0.93,unknown,/login,0.35,200,3330,GET
14:30:04,192.168.1.245,admin,/login,0.98,200,1384,GET
15:24:17,192.168.1.13,admin,/dashboard,1.97,200,1608,GET
9:08:59,192.168.1.202,guest,/dashboard,0.47,200,1546,GET
8:31:30,172.16.0.130,user,/login,1.92,200,1378,POST
12:00:24,172.16.0.27,unknown,/dashboard,0.53,200,2332,POST
12:51:07,172.16.0.141,user,/api/data,0.74,200,4904,POST
8:17:21,172.16.0.179,unknown,/login,1.72,200,1262,GET
16:23:19,10.0.0.245,unknown,/api/data,1.31,200,2067,GET
5:33:40,203.0.113.153,root,/config,2.9,401,39,PUT
4:51:46,91.92.18.117,guest,/logout,0.27,500,15,DELETE
14:30:53,10.0.0.129,guest,/api/data,0.3,200,2334,POST
9:06:34,172.16.0.188,admin,/dashboard,1.3,200,3453,POST
16:35:20,192.168.1.243,admin,/dashboard,1.49,200,3007,GET
13:53:37,10.0.0.61,guest,/dashboard,1.56,200,4636,GET
9:11:05,192.168.1.34,user,/login,1.41,200,1141,POST
9:58:53,10.0.0.66,guest,/profile,1.46,200,3762,POST
14:52:07,10.0.0.166,user,/profile,0.2,200,1147,GET
9:42:55,10.0.0.7,guest,/dashboard,0.87,200,681,GET
10:41:07,10.0.0.25,unknown,/api/data,0.98,200,3778,GET
8:05:28,192.168.1.60,unknown,/api/data,0.94,200,3055,GET
13:50:14,10.0.0.127,admin,/dashboard,0.95,200,2076,GET
15:45:19,172.16.0.252,guest,/profile,0.85,200,960,GET
11:31:29,172.16.0.229,unknown,/dashboard,1.18,200,3770,GET
14:48:36,10.0.0.226,unknown,/profile,1.02,200,3874,GET
8:18:03,172.16.0.180,admin,/login,0.78,200,777,POST
14:55:54,172.16.0.167,unknown,/api/data,0.6,200,2135,GET
11:26:47,172.16.0.208,guest,/dashboard,1.6,200,2288,POST
13:38:18,172.16.0.223,user,/api/data,0.86,200,2018,POST
15:49:16,10.0.0.122,unknown,/api/data,1.24,200,4660,GET
9:22:27,10.0.0.18,admin,/profile,0.42,200,2778,POST
8:34:42,172.16.0.12,unknown,/profile,1.24,200,4958,POST
21:09:07,91.92.18.140,test,/admin,6.29,401,16248,POST
10:05:21,192.168.1.63,user,/dashboard,1.84,200,4668,GET
17:51:46,192.168.1.129,admin,/api/data,0.47,200,3248,GET
14:03:37,10.0.0.74,unknown,/dashboard,1.81,200,3144,POST
13:15:31,10.0.0.134,user,/profile,0.38,200,1534,POST
10:51:09,172.16.0.14,unknown,/login,0.31,200,3427,POST
8:40:06,10.0.0.135,unknown,/login,0.91,200,2192,GET
17:13:20,10.0.0.35,guest,/api/data,0.77,200,1536,GET
3:35:07,203.0.113.183,guest,/logout,0.66,404,19669,GET
17:49:56,10.0.0.43,guest,/login,0.56,200,3796,POST
12:03:35,192.168.1.172,admin,/profile,0.95,200,1544,POST
14:36:27,172.16.0.38,guest,/login,0.9,200,3838,GET
12:25:59,172.16.0.134,guest,/dashboard,0.85,200,4940,POST
10:53:11,192.168.1.107,admin,/profile,0.31,200,2530,GET
15:00:18,192.168.1.25,guest,/profile,1.01,200,2732,POST
6:09:58,203.0.113.84,test,/settings,2.31,401,69,PUT
10:29:25,172.16.0.58,user,/profile,1.05,200,1767,POST
16:35:49,172.16.0.5,user,/profile,1.99,200,1316,GET
8:32:17,172.16.0.191,admin,/api/data,0.46,200,3314,GET
14:29:41,10.0.0.100,user,/dashboard,0.85,200,1986,GET
12:24:22,192.168.1.162,unknown,/dashboard,0.44,200,3874,POST
10:43:09,192.168.1.22,unknown,/profile,1.71,200,3753,GET
13:39:47,172.16.0.35,admin,/dashboard,1.11,200,1494,GET
17:04:47,192.168.1.83,admin,/dashboard,0.63,200,562,GET
16:28:46,10.0.0.249,admin,/dashboard,0.32,200,2359,GET
10:07:14,10.0.0.34,admin,/profile,1.49,200,1500,GET
10:11:40,10.0.0.110,user,/profile,0.82,200,2960,POST
5:54:13,91.92.18.1,test,/logout,7.18,401,13115,PUT
11:57:03,192.168.1.173,admin,/login,0.23,200,2451,GET
11:24:53,192.168.1.134,user,/api/data,1.75,200,4755,POST
13:31:56,172.16.0.179,admin,/dashboard,1.22,200,4512,GET
16:05:12,10.0.0.90,user,/dashboard,0.4,200,4090,POST
8:36:31,172.16.0.69,admin,/profile,1.38,200,3761,GET
9:36:30,10.0.0.156,user,/profile,1.9,200,3266,GET
10:12:46,10.0.0.3,user,/api/data,1.04,200,3199,POST
15:17:35,172.16.0.241,user,/login,1.55,200,768,GET
16:22:54,192.168.1.48,user,/api/data,0.68,200,3772,GET
13:04:56,172.16.0.205,guest,/dashboard,1.98,200,2922,GET
14:13:07,192.168.1.120,unknown,/dashboard,0.57,200,1979,POST
13:22:07,10.0.0.81,guest,/dashboard,1.35,200,1314,POST
8:32:11,10.0.0.81,admin,/api/data,0.46,200,2086,GET
12:40:40,192.168.1.175,admin,/dashboard,0.5,200,2701,GET
8:22:58,10.0.0.18,guest,/profile,0.39,200,1152,POST
17:47:09,192.168.1.49,guest,/login,0.34,200,1698,POST
17:43:19,10.0.0.45,guest,/api/data,1.97,200,4910,GET
1:06:34,91.92.18.254,guest,/logout,5.66,500,83,PUT
10:23:30,10.0.0.57,admin,/login,0.73,200,4332,GET
8:37:46,192.168.1.138,guest,/profile,1.64,200,4689,POST
11:51:58,172.16.0.210,user,/api/data,0.82,200,3526,POST
15:52:36,192.168.1.50,guest,/dashboard,0.9,200,927,GET
11:33:26,172.16.0.75,admin,/dashboard,0.72,200,4141,GET
11:50:26,172.16.0.237,admin,/dashboard,1.54,200,1242,GET
12:56:54,192.168.1.236,user,/api/data,1.8,200,3951,POST
9:23:54,172.16.0.207,admin,/login,1.46,200,4573,POST
9:03:47,192.168.1.26,guest,/profile,0.73,200,1380,GET
10:35:00,172.16.0.1,guest,/profile,0.29,200,4314,GET
15:46:08,10.0.0.95,guest,/api/data,0.94,200,3396,POST
9:57:25,10.0.0.230,admin,/dashboard,0.8,200,3956,POST
10:42:30,172.16.0.168,unknown,/profile,1.66,200,692,POST
10:32:17,192.168.1.174,admin,/profile,1.96,200,2823,GET
11:33:18,10.0.0.46,unknown,/profile,0.96,200,3919,POST
11:44:36,192.168.1.33,user,/login,0.59,200,3276,POST
8:19:50,172.16.0.71,user,/login,0.43,200,2837,GET
14:48:10,172.16.0.43,user,/profile,0.93,200,4365,GET
5:44:00,91.92.18.238,unknown,/logout,1.95,500,16,POST
10:13:59,10.0.0.171,unknown,/dashboard,0.57,200,2730,GET
17:06:15,192.168.1.208,admin,/profile,1.94,200,2985,GET
15:29:56,192.168.1.161,user,/api/data,1.19,200,1098,GET
17:12:12,10.0.0.168,admin,/dashboard,0.29,200,3107,GET
15:02:33,192.168.1.238,admin,/api/data,0.53,200,1809,POST
11:59:02,172.16.0.133,admin,/dashboard,1.89,200,4436,GET
16:33:57,10.0.0.203,guest,/dashboard,0.62,200,1379,POST
14:34:58,192.168.1.162,admin,/dashboard,0.33,200,887,GET
8:10:19,10.0.0.10,admin,/api/data,1.94,200,3974,GET
14:41:56,192.168.1.87,user,/profile,0.75,200,4722,GET
16:24:17,172.16.0.198,admin,/profile,0.22,200,2533,POST
11:56:16,172.16.0.49,unknown,/login,0.48,200,773,GET
11:22:06,10.0.0.250,guest,/dashboard,0.37,200,2776,POST
1:39:05,91.92.18.153,test,/settings,2.99,404,54,POST
13:53:03,172.16.0.67,unknown,/profile,1.5,200,3723,POST
9:45:03,172.16.0.49,admin,/api/data,1.74,200,507,POST
12:41:17,192.168.1.108,admin,/api/data,0.41,200,3039,POST
8:21:16,10.0.0.93,user,/api/data,1.39,200,3279,POST
11:23:26,10.0.0.75,guest,/profile,0.25,200,2166,POST
8:15:39,10.0.0.223,user,/login,1.52,200,4896,GET
15:33:41,172.16.0.119,guest,/login,1.12,200,3450,GET
8:04:39,192.168.1.226,admin,/api/data,1.3,200,1120,POST
11:24:45,10.0.0.23,user,/api/data,1.3,200,3185,POST
17:32:22,172.16.0.54,unknown,/login,1.65,200,4143,GET
9:23:00,172.16.0.37,unknown,/profile,0.57,200,4945,POST
9:58:37,192.168.1.223,admin,/dashboard,0.71,200,2125,POST
9:58:24,10.0.0.159,guest,/profile,1.12,200,3556,GET
11:52:04,10.0.0.107,user,/dashboard,1.49,200,2415,POST
15:26:04,172.16.0.145,user,/login,1.84,200,3477,GET
17:12:53,172.16.0.123,guest,/dashboard,0.48,200,1465,POST
12:13:29,192.168.1.148,unknown,/api/data,1.61,200,4416,GET
4:36:33,91.92.18.30,unknown,/admin,3.63,404,58,POST
12:42:57,192.168.1.214,admin,/profile,0.66,200,2110,GET
8:02:30,10.0.0.172,user,/login,1.41,200,4798,GET
14:26:19,172.16.0.1,guest,/login,0.76,200,544,POST
0:47:07,203.0.113.160,unknown,/admin,6.47,403,79,POST
9:39:41,192.168.1.2,admin,/login,1.82,200,4987,GET
14:08:50,172.16.0.57,guest,/login,1.64,200,2517,GET
13:58:30,172.16.0.174,admin,/dashboard,1.4,200,606,GET
13:53:29,192.168.1.6,admin,/dashboard,1,200,4206,POST
10:48:18,10.0.0.160,unknown,/login,1.81,200,4055,GET
15:50:55,172.16.0.28,admin,/api/data,1.52,200,3513,POST
15:33:08,172.16.0.8,admin,/dashboard,1.51,200,847,GET
15:26:41,172.16.0.48,unknown,/api/data,1.57,200,1567,GET
12:31:37,192.168.1.146,user,/login,1.64,200,2986,GET
11:45:21,172.16.0.25,admin,/api/data,0.86,200,2559,GET
10:04:50,192.168.1.253,unknown,/profile,0.93,200,3252,POST
9:18:09,172.16.0.153,unknown,/api/data,0.55,200,2839,POST
9:55:14,10.0.0.35,user,/profile,1.87,200,4084,GET
17:45:51,172.16.0.155,admin,/profile,1.01,200,4986,GET
9:19:41,192.168.1.83,user,/profile,1.19,200,1859,GET
10:56:51,10.0.0.147,unknown,/dashboard,1.98,200,2609,POST
12:06:25,10.0.0.227,guest,/dashboard,0.39,200,1289,GET
3:10:52,203.0.113.72,unknown,/settings,0.19,403,10695,GET
17:00:09,192.168.1.172,unknown,/dashboard,1.9,200,2375,POST
6:46:42,91.92.18.208,test,/admin,1.11,400,75,PUT
16:54:13,172.16.0.180,user,/login,1.45,200,3260,GET
10:12:32,10.0.0.12,admin,/profile,1.26,200,4453,POST
9:10:00,172.16.0.194,admin,/login,0.56,200,922,GET
15:58:17,192.168.1.130,admin,/api/data,0.68,200,3701,GET
8:38:09,172.16.0.16,unknown,/profile,0.93,200,3133,GET
19:17:46,203.0.113.59,guest,/settings,7.2,400,16095,DELETE
14:24:54,192.168.1.245,unknown,/dashboard,0.9,200,3145,GET
8:09:30,10.0.0.149,user,/api/data,0.76,200,2879,POST
10:07:43,172.16.0.8,guest,/profile,0.93,200,1064,POST
16:51:59,172.16.0.36,unknown,/login,0.51,200,1948,GET
10:33:03,192.168.1.211,admin,/dashboard,1.77,200,3837,GET
10:07:52,10.0.0.3,user,/dashboard,1.36,200,1766,POST
21:52:25,203.0.113.225,test,/config,7.5,404,56,PUT
17:42:24,10.0.0.220,user,/api/data,0.35,200,2918,POST
8:00:07,192.168.1.105,user,/api/data,1.31,200,4712,GET
12:15:03,172.16.0.109,unknown,/login,0.95,200,1690,GET
19:21:51,203.0.113.41,test,/settings,7.72,500,40,PUT
16:00:32,192.168.1.24,user,/profile,0.8,200,947,GET
14:09:06,172.16.0.206,unknown,/dashboard,0.54,200,2563,POST
15:10:49,172.16.0.186,user,/login,1.98,200,3199,GET
5:06:07,91.92.18.116,test,/settings,2.72,403,13674,DELETE
10:58:10,192.168.1.224,unknown,/api/data,0.42,200,2292,POST
10:50:21,192.168.1.185,admin,/api/data,1.63,200,4217,POST
16:34:28,10.0.0.95,unknown,/login,0.96,200,2435,GET
13:44:46,192.168.1.18,guest,/api/data,0.45,200,3121,GET
11:31:57,192.168.1.157,unknown,/login,1.61,200,2839,GET
14:58:56,172.16.0.179,user,/api/data,0.88,200,752,GET
13:03:11,192.168.1.27,guest,/api/data,0.56,200,797,POST
17:23:25,192.168.1.241,admin,/profile,0.7,200,3127,GET
11:49:22,10.0.0.9,user,/profile,1.1,200,4447,POST
1:38:44,203.0.113.108,test,/admin,1.12,500,15312,PUT
0:11:27,203.0.113.231,unknown,/admin,7.8,401,15105,DELETE
16:55:04,10.0.0.211,admin,/api/data,0.75,200,4515,GET
11:35:54,10.0.0.228,user,/profile,1.39,200,1072,GET
16:01:07,192.168.1.42,user,/profile,1.36,200,2633,GET
5:37:13,203.0.113.150,unknown,/admin,2.83,404,15828,POST
9:23:51,172.16.0.246,guest,/login,1.04,200,861,GET
17:41:13,172.16.0.222,guest,/login,1.13,200,4792,GET
10:28:12,10.0.0.71,guest,/login,1.91,200,3492,POST
17:28:36,172.16.0.149,guest,/dashboard,1.19,200,935,POST
14:39:29,172.16.0.167,user,/api/data,0.4,200,945,POST
9:51:38,10.0.0.4,unknown,/login,1.43,200,4655,POST
14:25:32,192.168.1.172,user,/dashboard,1.16,200,2198,POST
22:13:46,91.92.18.175,test,/admin,4.95,404,16352,DELETE
12:16:38,192.168.1.33,admin,/api/data,0.38,200,3308,GET
15:35:00,172.16.0.108,guest,/dashboard,1.23,200,3072,GET
21:08:53,91.92.18.233,unknown,/settings,5.39,404,8,POST
23:44:16,203.0.113.66,root,/admin,5.5,403,15729,GET
15:12:21,10.0.0.231,admin,/profile,1.3,200,2989,POST
8:47:36,172.16.0.59,unknown,/profile,0.48,200,3027,GET
11:35:07,192.168.1.182,user,/api/data,2,200,4441,POST
14:44:21,10.0.0.154,user,/dashboard,0.22,200,623,GET
12:48:55,172.16.0.201,user,/profile,0.48,200,3881,GET
16:36:38,192.168.1.126,unknown,/api/data,0.65,200,1744,POST
8:55:01,172.16.0.101,admin,/login,0.81,200,3846,POST
16:26:57,10.0.0.128,unknown,/profile,1.27,200,1502,POST
14:30:30,172.16.0.16,admin,/profile,1.37,200,1510,POST
15:35:40,10.0.0.128,admin,/login,1.61,200,552,POST
7:52:04,91.92.18.83,root,/config,5.08,404,17,POST
11:52:35,192.168.1.175,user,/dashboard,1.71,200,3027,GET
0:07:28,203.0.113.123,test,/config,7.55,401,12655,DELETE
16:15:58,172.16.0.145,guest,/login,1.79,200,1414,GET
9:28:48,10.0.0.138,admin,/profile,1.82,200,1926,GET
12:59:39,172.16.0.143,unknown,/api/data,1.57,200,2001,POST
13:56:38,192.168.1.45,unknown,/api/data,1.75,200,3179,GET
15:05:48,172.16.0.139,user,/login,1.73,200,1388,GET
13:58:50,172.16.0.46,unknown,/api/data,1.38,200,4930,GET
14:22:50,192.168.1.235,user,/profile,1.42,200,1982,POST
16:00:46,172.16.0.69,unknown,/api/data,0.34,200,969,GET
14:37:56,192.168.1.91,unknown,/profile,1.78,200,3210,GET
13:40:32,10.0.0.242,guest,/dashboard,0.29,200,4468,POST
2:52:56,203.0.113.200,test,/logout,6.09,404,7,DELETE
13:29:55,172.16.0.88,unknown,/api/data,0.89,200,4347,GET
12:20:22,192.168.1.232,guest,/api/data,0.64,200,3206,GET
10:09:46,172.16.0.113,guest,/dashboard,0.24,200,1673,GET
16:18:36,10.0.0.98,user,/profile,1.67,200,4621,GET
13:04:29,192.168.1.39,guest,/api/data,1.48,200,4424,GET
9:00:18,10.0.0.60,admin,/login,1.48,200,2051,POST
11:42:52,172.16.0.42,user,/api/data,0.47,200,3151,GET
9:59:08,172.16.0.18,admin,/dashboard,0.62,200,2804,POST
13:56:13,192.168.1.25,guest,/api/data,1.02,200,1491,POST
14:23:40,172.16.0.48,unknown,/profile,1.78,200,4805,POST
12:18:33,192.168.1.119,user,/profile,0.58,200,1606,POST
9:22:39,10.0.0.194,guest,/api/data,0.97,200,4939,POST
16:15:20,192.168.1.217,unknown,/profile,1.01,200,1590,GET
12:17:21,192.168.1.200,admin,/profile,1.24,200,3845,POST
12:05:29,192.168.1.55,unknown,/profile,1.72,200,4551,GET
12:08:24,172.16.0.25,admin,/profile,0.89,200,1624,POST
14:55:40,192.168.1.188,guest,/profile,1.62,200,3158,POST
16:02:07,172.16.0.118,admin,/api/data,1.2,200,1076,GET
3:07:27,91.92.18.109,root,/admin,1.42,403,10812,POST
9:16:18,10.0.0.155,unknown,/dashboard,1.3,200,3834,GET
15:54:44,10.0.0.98,unknown,/dashboard,0.89,200,2216,GET
16:39:01,192.168.1.254,admin,/login,1.47,200,3636,GET
8:17:19,10.0.0.234,unknown,/api/data,1.4,200,2044,POST
11:17:31,172.16.0.149,guest,/dashboard,1.12,200,2558,GET
9:17:29,10.0.0.63,guest,/dashboard,0.38,200,2191,GET
10:32:18,192.168.1.89,unknown,/profile,0.97,200,4281,GET
16:08:16,172.16.0.138,guest,/dashboard,0.63,200,4705,POST
8:51:18,172.16.0.11,unknown,/api/data,0.36,200,573,POST
14:29:23,10.0.0.188,user,/login,0.48,200,2699,POST
13:36:30,10.0.0.131,user,/dashboard,1.4,200,2825,POST
12:16:31,172.16.0.242,user,/dashboard,1.69,200,639,GET
16:17:01,172.16.0.42,unknown,/dashboard,1.9,200,4607,GET
14:46:50,10.0.0.220,unknown,/login,1.98,200,2207,GET
11:41:09,192.168.1.28,admin,/profile,1.01,200,2305,GET
7:14:08,91.92.18.81,unknown,/config,7.48,401,9,POST
13:56:20,192.168.1.96,guest,/api/data,1.33,200,3478,POST
2:50:18,91.92.18.230,unknown,/settings,6.17,400,16072,POST
11:36:59,192.168.1.158,admin,/login,0.4,200,3849,GET
9:26:53,172.16.0.214,unknown,/login,1.9,200,3522,POST
8:36:58,192.168.1.212,user,/profile,1.57,200,4181,POST
13:48:50,172.16.0.74,admin,/dashboard,1.67,200,854,POST
9:25:31,192.168.1.42,unknown,/dashboard,1.53,200,3458,POST
15:59:29,192.168.1.170,unknown,/login,0.23,200,696,POST
9:47:45,10.0.0.22,user,/profile,0.39,200,3001,POST
10:32:44,192.168.1.80,guest,/dashboard,0.94,200,4352,POST
15:05:59,172.16.0.247,guest,/login,1.43,200,4878,POST
17:50:26,192.168.1.205,admin,/profile,0.95,200,2152,GET
23:55:55,203.0.113.132,guest,/admin,7.5,404,24,GET
14:43:00,192.168.1.71,admin,/api/data,1.32,200,2030,POST
12:32:41,192.168.1.92,user,/profile,1.13,200,2414,POST
21:37:43,91.92.18.205,unknown,/admin,0.89,400,30,GET
3:30:24,203.0.113.110,unknown,/config,0.19,404,97,PUT
15:13:49,10.0.0.41,unknown,/api/data,1.39,200,3772,POST
21:35:59,203.0.113.246,unknown,/config,6.35,403,82,DELETE
17:33:47,192.168.1.170,unknown,/dashboard,1.58,200,1687,POST
8:13:03,192.168.1.99,guest,/api/data,0.28,200,694,GET
15:08:36,172.16.0.111,unknown,/api/data,0.39,200,4201,GET
14:22:33,10.0.0.100,admin,/profile,1.55,200,4642,GET
8:39:40,172.16.0.164,user,/api/data,0.83,200,3553,GET
11:49:44,172.16.0.150,admin,/login,1.84,200,4106,GET
17:37:16,10.0.0.125,admin,/api/data,1.64,200,3264,GET
9:15:03,10.0.0.34,user,/profile,0.9,200,4850,GET
12:27:04,172.16.0.11,unknown,/api/data,1.85,200,4164,POST
10:09:17,172.16.0.241,user,/dashboard,0.75,200,4982,GET
9:27:43,10.0.0.75,user,/login,1.09,200,1133,POST
10:02:34,172.16.0.30,unknown,/profile,1.46,200,1413,POST
13:59:54,172.16.0.93,guest,/login,0.62,200,2408,GET
18:58:17,203.0.113.218,test,/logout,7.35,500,16259,PUT
16:16:14,172.16.0.36,unknown,/profile,1.99,200,632,POST
9:53:13,10.0.0.91,guest,/dashboard,1.9,200,3072,GET
16:20:22,10.0.0.107,guest,/profile,1.09,200,1996,POST
9:19:59,192.168.1.225,admin,/dashboard,0.83,200,3991,GET
15:39:01,192.168.1.79,unknown,/profile,1.06,200,3389,GET
9:03:06,172.16.0.155,admin,/dashboard,0.23,200,2848,POST
9:55:36,192.168.1.23,guest,/api/data,1.2,200,569,POST
8:44:17,172.16.0.15,unknown,/dashboard,0.35,200,2368,POST
12:32:38,172.16.0.191,admin,/api/data,0.82,200,3996,POST
11:13:06,172.16.0.63,guest,/login,1.26,200,4673,GET
9:59:32,192.168.1.218,admin,/dashboard,1.82,200,602,POST
15:09:33,192.168.1.241,unknown,/dashboard,1.3,200,4312,GET
15:27:36,172.16.0.36,unknown,/login,1.37,200,4500,POST
15:50:37,192.168.1.123,guest,/api/data,0.24,200,4633,POST
13:24:48,10.0.0.165,user,/api/data,1.57,200,3687,GET
15:12:19,10.0.0.56,admin,/login,0.74,200,2315,POST
2:12:13,203.0.113.101,root,/config,2.68,500,15190,POST
17:41:32,172.16.0.214,unknown,/login,0.91,200,4942,POST
17:43:59,172.16.0.5,user,/profile,1.33,200,907,POST
9:00:07,192.168.1.130,unknown,/api/data,1.97,200,1827,POST
16:02:53,192.168.1.147,user,/api/data,1.79,200,2654,GET
14:58:07,172.16.0.162,user,/login,1.91,200,1527,GET
11:29:11,10.0.0.103,guest,/profile,0.78,200,4766,POST
1:38:30,203.0.113.144,root,/settings,4.28,404,70,PUT
10:59:40,10.0.0.48,user,/dashboard,0.44,200,982,POST
16:37:45,192.168.1.104,guest,/api/data,0.4,200,1747,GET
9:48:53,172.16.0.198,guest,/api/data,0.25,200,1333,GET
14:39:29,192.168.1.177,unknown,/dashboard,0.75,200,4487,GET
12:00:05,192.168.1.46,admin,/profile,0.9,200,1609,GET
2:44:28,91.92.18.118,guest,/logout,2.69,500,41,GET
5:11:35,203.0.113.207,root,/config,6.82,400,53,DELETE
8:48:32,192.168.1.188,guest,/api/data,1.74,200,4103,POST
8:24:00,172.16.0.221,guest,/profile,1.96,200,4489,POST
14:49:14,172.16.0.225,admin,/profile,1.03,200,3570,GET
17:43:22,10.0.0.84,unknown,/api/data,0.5,200,4077,POST
14:32:27,10.0.0.123,user,/profile,1.11,200,4270,POST
10:23:26,172.16.0.126,admin,/api/data,0.69,200,2064,POST
9:55:06,10.0.0.232,unknown,/api/data,1.57,200,4782,POST
17:59:55,10.0.0.139,unknown,/profile,0.54,200,505,GET
8:08:28,172.16.0.10,guest,/profile,1.89,200,1917,POST
11:12:52,192.168.1.230,guest,/profile,1.48,200,3560,POST
12:26:58,192.168.1.14,admin,/profile,0.43,200,2439,POST
16:30:03,192.168.1.102,user,/profile,1.96,200,4978,GET
9:25:12,172.16.0.166,unknown,/dashboard,0.6,200,4760,GET
9:51:03,10.0.0.71,unknown,/profile,0.58,200,2750,GET
15:50:47,192.168.1.226,user,/api/data,0.43,200,2236,POST
8:27:55,172.16.0.133,user,/profile,0.92,200,2730,GET
11:24:53,10.0.0.86,unknown,/api/data,1.99,200,4360,POST
12:10:14,10.0.0.238,unknown,/api/data,0.59,200,763,GET
15:09:37,172.16.0.92,guest,/profile,0.3,200,3508,POST
17:27:03,10.0.0.214,user,/api/data,1.93,200,1349,GET
9:06:37,10.0.0.237,unknown,/api/data,0.8,200,515,POST
8:16:16,192.168.1.65,unknown,/login,0.31,200,4917,GET
11:29:30,172.16.0.17,user,/api/data,0.51,200,610,POST
10:29:38,10.0.0.22,admin,/profile,0.36,200,4507,GET
13:36:10,192.168.1.189,admin,/login,0.31,200,1417,POST
19:27:38,91.92.18.239,test,/logout,4.92,404,82,PUT
17:47:41,192.168.1.133,user,/api/data,0.41,200,4666,GET
9:17:07,172.16.0.165,user,/api/data,0.89,200,874,GET
12:45:04,172.16.0.186,user,/dashboard,1.58,200,4040,POST
12:27:58,10.0.0.56,admin,/login,0.62,200,3203,POST
11:39:08,10.0.0.52,unknown,/login,1.93,200,3644,GET
10:02:31,10.0.0.195,admin,/dashboard,0.64,200,4643,POST
16:07:01,10.0.0.229,admin,/login,1.29,200,4082,GET
17:45:46,192.168.1.170,guest,/profile,1.22,200,2929,POST
17:54:13,192.168.1.210,admin,/api/data,0.42,200,4873,POST
10:39:15,10.0.0.217,user,/profile,0.88,200,1130,POST
15:15:13,192.168.1.166,unknown,/login,0.35,200,4746,GET
8:30:37,10.0.0.174,admin,/api/data,1.78,200,973,GET
8:56:37,172.16.0.148,user,/api/data,0.21,200,4543,POST
13:08:06,10.0.0.68,user,/dashboard,0.6,200,2487,GET
17:27:00,172.16.0.24,guest,/profile,1.78,200,1726,POST
8:46:03,192.168.1.143,user,/profile,0.43,200,1513,GET
8:01:26,10.0.0.108,unknown,/api/data,0.54,200,3368,GET
9:56:30,172.16.0.55,user,/dashboard,0.48,200,1210,POST
10:37:16,10.0.0.70,admin,/api/data,0.98,200,772,POST
10:27:25,192.168.1.145,unknown,/api/data,1.77,200,4205,GET
16:35:22,10.0.0.248,unknown,/login,1.43,200,2233,GET
8:16:24,192.168.1.133,guest,/api/data,0.42,200,3613,POST
15:16:13,172.16.0.169,admin,/login,1.4,200,800,GET
16:27:53,192.168.1.97,unknown,/login,0.4,200,4121,GET
14:56:09,172.16.0.243,guest,/profile,1.8,200,3746,GET
21:49:15,203.0.113.116,root,/settings,6.09,404,66,POST
11:11:59,192.168.1.180,unknown,/profile,1.91,200,2978,POST
11:38:23,192.168.1.160,guest,/login,0.48,200,954,GET
8:15:07,10.0.0.64,unknown,/login,1.89,200,4081,GET
16:12:36,10.0.0.71,admin,/dashboard,0.57,200,2475,POST
13:43:16,10.0.0.53,guest,/dashboard,1.06,200,749,POST
14:54:52,10.0.0.91,unknown,/login,0.69,200,4902,GET
9:30:44,172.16.0.193,admin,/dashboard,1.39,200,2249,GET
14:02:21,10.0.0.81,unknown,/profile,1.24,200,2633,POST
16:35:23,172.16.0.218,user,/api/data,0.59,200,4117,GET
14:34:28,10.0.0.164,admin,/profile,1.15,200,3991,POST
21:41:04,203.0.113.111,unknown,/admin,5.74,400,7,DELETE
1:14:07,91.92.18.243,guest,/admin,2.59,404,29,POST
14:54:46,10.0.0.224,unknown,/api/data,0.49,200,2718,GET
10:39:34,192.168.1.3,guest,/profile,0.23,200,2100,GET
11:56:37,192.168.1.192,user,/dashboard,0.93,200,4290,POST
2:21:13,203.0.113.103,unknown,/admin,3.53,400,17,GET
15:35:04,172.16.0.63,admin,/login,1.74,200,3160,POST
17:44:49,172.16.0.53,admin,/profile,1.09,200,3931,POST
8:34:16,192.168.1.213,unknown,/dashboard,1.97,200,2451,GET
14:50:01,172.16.0.78,guest,/login,1.18,200,3906,GET
13:38:08,10.0.0.193,user,/dashboard,1.08,200,2603,GET
13:26:43,192.168.1.95,guest,/dashboard,1.66,200,1881,POST
14:30:12,172.16.0.196,user,/dashboard,0.36,200,4869,GET
8:49:36,10.0.0.249,unknown,/api/data,1.14,200,4680,POST
17:37:09,192.168.1.235,user,/login,1.09,200,3361,GET
14:02:58,172.16.0.49,admin,/api/data,1.3,200,2671,GET
20:14:36,203.0.113.216,test,/settings,2.62,404,18204,PUT
7:22:02,203.0.113.254,root,/settings,0.81,400,10578,PUT
10:13:17,192.168.1.18,guest,/profile,0.6,200,723,GET
16:17:39,192.168.1.253,guest,/api/data,0.73,200,2789,GET
15:03:27,10.0.0.31,unknown,/login,0.48,200,1601,GET
11:18:38,10.0.0.191,guest,/api/data,1.52,200,4031,GET
14:14:30,192.168.1.13,user,/login,1.85,200,2648,GET
9:17:30,10.0.0.179,user,/api/data,0.73,200,2485,POST
10:29:20,172.16.0.209,unknown,/login,1.25,200,698,GET
13:30:54,192.168.1.63,unknown,/dashboard,0.81,200,4887,POST
21:32:12,91.92.18.244,test,/settings,6.11,404,17,GET
17:08:14,192.168.1.33,admin,/profile,1.91,200,1578,GET
12:32:37,172.16.0.56,admin,/profile,0.82,200,3729,GET
10:17:46,172.16.0.200,user,/login,0.35,200,1808,POST
8:28:41,172.16.0.200,user,/dashboard,1.48,200,4951,POST
15:55:21,10.0.0.146,guest,/login,0.5,200,2372,GET
0:26:16,203.0.113.133,root,/admin,1.51,404,15491,PUT
8:35:58,192.168.1.181,admin,/dashboard,1.14,200,1037,GET
19:33:17,91.92.18.38,root,/config,0.91,404,17510,DELETE
10:42:40,192.168.1.29,unknown,/dashboard,1.54,200,2701,POST
17:26:08,10.0.0.211,user,/dashboard,1.87,200,3915,POST
18:32:01,203.0.113.203,guest,/settings,2.79,401,19146,DELETE
16:27:50,10.0.0.88,unknown,/profile,0.49,200,4573,GET
12:49:47,192.168.1.48,admin,/dashboard,0.6,200,1954,POST
12:36:21,172.16.0.51,user,/api/data,1.86,200,3405,GET
9:28:37,172.16.0.56,unknown,/profile,0.96,200,4830,GET
9:24:48,192.168.1.30,admin,/login,1.99,200,1115,GET
8:11:45,10.0.0.56,guest,/dashboard,1.24,200,556,GET
11:29:23,192.168.1.140,guest,/api/data,1.32,200,2477,GET
10:52:00,10.0.0.127,unknown,/profile,1.72,200,2837,POST
14:21:39,172.16.0.91,user,/profile,1.84,200,686,POST
13:37:29,10.0.0.168,admin,/api/data,1.52,200,990,GET
16:21:30,172.16.0.166,unknown,/login,0.84,200,3219,GET
11:37:53,172.16.0.191,user,/profile,1.67,200,565,GET
16:54:49,192.168.1.195,admin,/api/data,1.4,200,2727,GET
15:16:06,172.16.0.41,unknown,/login,1.64,200,4484,GET
10:48:20,192.168.1.5,unknown,/dashboard,0.86,200,3125,GET
9:03:27,192.168.1.131,unknown,/dashboard,1.78,200,1182,POST
8:19:00,10.0.0.102,admin,/api/data,0.7,200,4285,POST
12:48:46,10.0.0.7,user,/dashboard,0.59,200,3258,GET
14:14:15,192.168.1.186,user,/api/data,1.96,200,3962,POST
14:25:12,172.16.0.36,guest,/api/data,0.93,200,628,GET
11:42:16,192.168.1.42,guest,/profile,0.68,200,4990,GET
10:39:54,172.16.0.123,user,/login,0.84,200,2509,GET
9:31:20,192.168.1.64,guest,/dashboard,0.68,200,2455,POST
10:08:37,192.168.1.141,user,/dashboard,0.65,200,4749,GET
15:43:58,10.0.0.188,guest,/api/data,1.71,200,4037,POST
14:38:09,10.0.0.69,unknown,/login,0.65,200,581,GET
9:54:17,192.168.1.229,admin,/dashboard,1.23,200,1862,POST
9:37:24,192.168.1.238,admin,/dashboard,1.09,200,586,POST
16:31:03,172.16.0.64,admin,/login,1.05,200,1858,GET
12:47:08,192.168.1.88,admin,/login,1.16,200,1701,GET
12:58:20,10.0.0.216,unknown,/login,1.56,200,838,POST
15:14:21,172.16.0.251,admin,/dashboard,1.76,200,3168,POST
15:29:58,192.168.1.85,admin,/login,0.86,200,1789,GET
0:40:18,91.92.18.235,guest,/logout,6.67,500,78,POST
16:35:50,172.16.0.39,user,/api/data,1.66,200,846,GET
11:59:36,172.16.0.98,admin,/profile,0.7,200,4589,GET
14:48:44,192.168.1.109,user,/dashboard,1.16,200,4400,POST
8:26:07,10.0.0.240,unknown,/login,1.47,200,2651,GET
11:10:13,192.168.1.175,admin,/api/data,1.02,200,3459,GET
13:29:25,10.0.0.9,user,/dashboard,0.3,200,3861,GET
12:53:21,10.0.0.50,user,/login,0.27,200,3202,GET
12:56:41,10.0.0.163,guest,/api/data,0.58,200,2551,GET
10:28:27,10.0.0.214,user,/dashboard,1.92,200,3683,POST
12:13:40,172.16.0.227,unknown,/login,1.36,200,4761,POST
15:55:57,172.16.0.47,user,/api/data,1.15,200,1288,GET
17:48:43,192.168.1.208,guest,/profile,1.4,200,2374,POST
12:53:53,172.16.0.207,guest,/profile,0.29,200,2840,GET
17:17:18,192.168.1.114,admin,/profile,0.86,200,2647,POST
12:48:10,10.0.0.115,admin,/dashboard,0.26,200,2216,GET
11:15:28,192.168.1.90,guest,/dashboard,1.23,200,1798,GET
8:42:41,10.0.0.190,guest,/api/data,1.56,200,3932,POST
13:51:40,192.168.1.93,admin,/profile,1.05,200,3161,POST
17:55:50,172.16.0.33,guest,/login,1.77,200,1126,GET
14:15:03,10.0.0.206,admin,/api/data,1.78,200,1144,GET
1:45:20,203.0.113.192,root,/logout,1.82,401,11037,DELETE
15:18:25,192.168.1.14,admin,/api/data,1.18,200,3207,GET
14:20:08,10.0.0.238,guest,/api/data,1.11,200,814,POST
17:54:07,192.168.1.99,user,/profile,1.43,200,3408,GET
8:25:30,192.168.1.205,admin,/profile,1.19,200,3193,GET
17:56:13,172.16.0.240,unknown,/login,1.37,200,4778,POST
11:20:09,10.0.0.164,guest,/profile,1.35,200,2461,POST
13:04:52,10.0.0.187,admin,/profile,0.62,200,1222,GET
17:08:11,192.168.1.180,admin,/login,1.06,200,4922,GET
14:00:53,192.168.1.210,admin,/api/data,1.97,200,4315,POST
11:44:25,10.0.0.90,unknown,/dashboard,0.55,200,4671,GET
11:53:49,172.16.0.93,user,/login,1.55,200,4958,POST
14:46:33,10.0.0.204,user,/login,1.04,200,4050,POST
23:47:51,203.0.113.151,unknown,/logout,4.68,500,13321,DELETE
17:18:10,192.168.1.98,unknown,/login,1.11,200,3719,GET
17:44:02,172.16.0.94,user,/dashboard,1.89,200,2053,GET
12:09:01,192.168.1.184,unknown,/login,0.83,200,2853,GET
9:16:36,172.16.0.82,unknown,/login,0.99,200,4319,POST
14:01:30,192.168.1.178,guest,/profile,1.04,200,2684,GET
12:14:03,10.0.0.24,guest,/login,1.25,200,849,GET
15:13:43,10.0.0.175,guest,/profile,0.79,200,2310,POST
17:39:08,192.168.1.232,guest,/dashboard,1.68,200,1777,GET
15:38:57,192.168.1.99,guest,/dashboard,0.44,200,1032,GET
10:54:02,192.168.1.89,user,/dashboard,0.73,200,2224,POST
10:10:01,10.0.0.2,admin,/dashboard,0.96,200,3489,POST
8:08:05,10.0.0.221,guest,/dashboard,0.77,200,1252,GET
16:06:44,172.16.0.178,guest,/dashboard,1.38,200,3983,GET
17:56:41,192.168.1.168,guest,/dashboard,1.05,200,3414,POST
9:56:33,192.168.1.220,guest,/login,1.78,200,4348,GET
3:45:45,91.92.18.222,guest,/config,2.95,401,17099,PUT
12:35:40,10.0.0.94,unknown,/dashboard,0.92,200,1557,POST
13:05:46,172.16.0.9,admin,/api/data,0.55,200,661,POST
13:40:16,192.168.1.219,user,/login,0.66,200,1375,GET
11:57:10,10.0.0.140,unknown,/api/data,1.21,200,4091,GET
7:38:33,203.0.113.185,test,/settings,6.61,400,18627,DELETE
13:41:20,192.168.1.6,unknown,/login,1.3,200,3357,GET
12:07:01,10.0.0.12,admin,/api/data,0.85,200,3920,GET
14:24:48,172.16.0.71,admin,/login,0.49,200,3607,POST
9:36:56,172.16.0.236,admin,/login,1.92,200,3704,POST
11:14:41,10.0.0.69,user,/dashboard,0.78,200,2479,GET
16:56:52,192.168.1.93,guest,/api/data,0.99,200,3356,POST
12:09:16,172.16.0.234,unknown,/profile,1.52,200,2608,POST
14:10:25,172.16.0.230,unknown,/profile,0.68,200,2236,GET
9:50:27,172.16.0.127,admin,/login,1.16,200,4054,GET
9:21:03,192.168.1.184,user,/login,0.9,200,4249,POST
15:27:49,192.168.1.76,unknown,/api/data,1.46,200,815,GET
15:11:07,10.0.0.61,user,/api/data,1.2,200,1633,GET
12:14:30,172.16.0.144,guest,/api/data,1.47,200,1234,GET
12:38:02,192.168.1.68,user,/api/data,0.77,200,3920,POST
5:26:33,91.92.18.22,root,/settings,4.02,403,18930,PUT
3:54:04,203.0.113.73,test,/admin,3.73,403,37,DELETE
13:51:00,10.0.0.85,user,/dashboard,1.69,200,2013,POST
17:14:09,10.0.0.135,guest,/login,1.89,200,1157,GET
10:43:00,10.0.0.4,user,/api/data,1.09,200,4556,GET
9:01:16,192.168.1.48,admin,/login,1.73,200,663,GET